{"posicion":{"x":-1.9909979104995728,"y":-0.28186970949172976,"z":0.0},"vida":3,"energy":100,"health":100,"guardado":true}