{"posicion":{"x":-1.650707721710205,"y":-0.16371917724609376,"z":0.0},"vida":3,"energy":100,"health":100,"guardado":true}