{"posicion":{"x":-1.4699993133544922,"y":-0.32864853739738467,"z":0.0},"vida":3,"energy":100,"health":100,"guardado":true}