{"posicion":{"x":-1.6709980964660645,"y":-0.16371920704841615,"z":0.0},"vida":3,"energy":100,"health":100,"guardado":true}